order,family,sci,com,code,primary,secondary,tree,feral,neil_classification,hallie_classification,notes
Anseriformes,Anatidae,Bucephala islandica,Barrow's Goldeneye,bargol,0,1,1,NA,good,,
Anseriformes,Anatidae,Dendrocygna autumnalis,Black-bellied Whistling-Duck,bbwduc,0,1,1,NA,good,,
Anseriformes,Anatidae,Bucephala albeola,Bufflehead,buffle,0,1,1,NA,good,,
Anseriformes,Anatidae,Bucephala clangula,Common Goldeneye,comgol,0,1,1,NA,good,,
Anseriformes,Anatidae,Mergus merganser,Common Merganser,commer,0,1,1,NA,good,,
Anseriformes,Anatidae,Dendrocygna bicolor,Fulvous Whistling-Duck,fuwduc,0,1,1,NA,good,,
Anseriformes,Anatidae,Lophodytes cucullatus,Hooded Merganser,hoomer,0,1,1,,good,,
Anseriformes,Anatidae,Aix galericulata,Mandarin Duck,manduc,0,1,1,,good,,
Anseriformes,Anatidae,Cairina moschata,Muscovy Duck,musduc,0,1,1,,good,,
Anseriformes,Anatidae,Aix sponsa,Wood Duck,wooduc,0,1,1,,good,,
Falconiformes,Falconidae,Falco sparverius,American Kestrel,amekes,0,1,1,,good,,
Passeriformes,Troglodytidae,Troglodytes aedon/musculus,Northern/Southern House Wren,y01309,0,1,1,,good,,
Passeriformes,Tyrannidae,Myiarchus yucatanensis,Yucatan Flycatcher,yucfly1,0,1,1,,good,,
Passeriformes,Hirundinidae,Tachycineta albilinea,Mangrove Swallow,manswa1,0,1,1,,good,,
Passeriformes,Hirundinidae,Progne subis,Purple Martin,purmar,0,1,1,,good,,
Passeriformes,Hirundinidae,Tachycineta bicolor,Tree Swallow,treswa,0,1,1,,good,,
Passeriformes,Hirundinidae,Tachycineta thalassina,Violet-green Swallow,vigswa,0,1,1,,good,,
Passeriformes,Paridae,Poecile atricapillus,Black-capped Chickadee,bkcchi,0,1,1,,good,,
Passeriformes,Paridae,Baeolophus atricristatus,Black-crested Titmouse,blctit4,0,1,1,,good,,
Passeriformes,Paridae,Poecile hudsonicus,Boreal Chickadee,borchi2,1,1,1,,good,,
Passeriformes,Paridae,Baeolophus wollweberi,Bridled Titmouse,britit,0,1,1,,good,,
Passeriformes,Paridae,Poecile carolinensis,Carolina Chickadee,carchi,1,1,1,,good,,
Passeriformes,Paridae,Poecile rufescens,Chestnut-backed Chickadee,chbchi,1,1,1,,good,,
Passeriformes,Paridae,Baeolophus ridgwayi,Juniper Titmouse,juntit1,0,1,1,,good,,
Passeriformes,Paridae,Poecile sclateri,Mexican Chickadee,mexchi,1,1,1,,good,,
Passeriformes,Paridae,Poecile gambeli,Mountain Chickadee,mouchi,0,1,1,,good,,
Passeriformes,Paridae,Baeolophus inornatus,Oak Titmouse,oaktit,1,1,1,,good,,
Passeriformes,Paridae,Baeolophus bicolor,Tufted Titmouse,tuftit,0,1,1,,good,,
Passeriformes,Parulidae,Leiothlypis luciae,Lucy's Warbler,lucwar,0,1,1,,good,,
Passeriformes,Parulidae,Protonotaria citrea,Prothonotary Warbler,prowar,0,1,1,,good,,
Passeriformes,Passeridae,Passer montanus,Eurasian Tree Sparrow,eutspa,0,1,1,,good,,
Passeriformes,Passeridae,Passer domesticus,House Sparrow,houspa,0,1,1,,good,,
Passeriformes,Sittidae,Sitta pusilla,Brown-headed Nuthatch,bnhnut,1,1,1,,good,,
Passeriformes,Sittidae,Sitta pygmaea,Pygmy Nuthatch,pygnut,1,1,1,,good,,
Passeriformes,Sittidae,Sitta canadensis,Red-breasted Nuthatch,rebnut,1,1,1,,good,,
Passeriformes,Sittidae,Sitta carolinensis,White-breasted Nuthatch,whbnut,0,1,1,,good,,
Passeriformes,Sturnidae,Sturnus vulgaris,European Starling,eursta,1,1,1,,good,,
Passeriformes,Troglodytidae,Thryomanes bewickii,Bewick's Wren,bewwre,0,1,1,,good,,
Passeriformes,Troglodytidae,Thryothorus ludovicianus,Carolina Wren,carwre,0,1,1,,good,,
Passeriformes,Troglodytidae,Troglodytes pacificus,Pacific Wren,pacwre1,0,1,1,,good,,
Passeriformes,Troglodytidae,Troglodytes rufociliatus,Rufous-browed Wren,rubwre2,0,1,1,,good,,
Passeriformes,Troglodytidae,Troglodytes hiemalis,Winter Wren,winwre3,0,1,1,,good,,
Passeriformes,Turdidae,Sialia sialis,Eastern Bluebird,easblu,0,1,1,,good,,
Passeriformes,Turdidae,Sialia currucoides,Mountain Bluebird,moublu,0,1,1,,good,,
Passeriformes,Turdidae,Sialia mexicana,Western Bluebird,wesblu,1,1,1,,good,,
Passeriformes,Tyrannidae,Myiarchus cinerascens,Ash-throated Flycatcher,astfly,0,1,1,,good,,
Passeriformes,Tyrannidae,Myiarchus tyrannulus,Brown-crested Flycatcher,bncfly,0,1,1,,good,,
Passeriformes,Tyrannidae,Myiarchus tuberculifer,Dusky-capped Flycatcher,ducfly,0,1,1,,good,,
Passeriformes,Tyrannidae,Myiarchus crinitus,Great Crested Flycatcher,grcfly,0,1,1,,good,,
Passeriformes,Tyrannidae,Myiarchus sagrae,La Sagra's Flycatcher,lasfly,0,1,1,,good,,
Passeriformes,Tyrannidae,Myiarchus nuttingi,Nutting's Flycatcher,nutfly,0,1,1,,good,,
Piciformes,Picidae,Picoides dorsalis,American Three-toed Woodpecker,attwoo1,1,0,1,,good,,
Piciformes,Picidae,Melanerpes formicivorus,Acorn Woodpecker,acowoo,1,0,1,,good,,
Piciformes,Picidae,Dryobates arizonae,Arizona Woodpecker,ariwoo,1,0,1,,good,,
Piciformes,Picidae,Picoides arcticus,Black-backed Woodpecker,bkbwoo,1,0,1,,good,,
Piciformes,Picidae,Melanerpes pucherani,Black-cheeked Woodpecker,blcwoo1,1,0,1,,good,,
Piciformes,Picidae,Celeus castaneus,Chestnut-colored Woodpecker,chcwoo1,1,0,1,,good,,
Piciformes,Picidae,Dryobates pubescens,Downy Woodpecker,dowwoo,1,0,1,,good,,
Piciformes,Picidae,Colaptes chrysoides,Gilded Flicker,gilfli,1,0,1,,good,,
Piciformes,Picidae,Melanerpes uropygialis,Gila Woodpecker,gilwoo,1,0,1,,good,,
Piciformes,Picidae,Melanerpes chrysogenys,Golden-cheeked Woodpecker,gocwoo1,1,0,1,,good,,
Piciformes,Picidae,Melanerpes aurifrons,Golden-fronted Woodpecker,gofwoo,1,0,1,,good,,
Piciformes,Picidae,Colaptes rubiginosus,Golden-olive Woodpecker,goowoo1,1,0,1,,good,,
Piciformes,Picidae,Melanerpes hypopolius,Gray-breasted Woodpecker,grbwoo1,1,0,1,,good,,
Piciformes,Picidae,Dryobates villosus,Hairy Woodpecker,haiwoo,1,0,1,,good,,
Piciformes,Picidae,Dryobates scalaris,Ladder-backed Woodpecker,labwoo,1,0,1,,good,,
Piciformes,Picidae,Melanerpes lewis,Lewis's Woodpecker,lewwoo,1,1,1,,good,,
Piciformes,Picidae,Dryocopus lineatus,Lineated Woodpecker,linwoo1,1,0,1,,good,,
Piciformes,Picidae,Colaptes auratus,Northern Flicker,norfli,1,1,1,,good,,
Piciformes,Picidae,Colaptes mexicanoides,Guatemalan Flicker,norfli1,1,0,1,,good,,
Piciformes,Picidae,Dryobates nuttallii,Nuttall's Woodpecker,nutwoo,1,0,1,,good,,
Piciformes,Picidae,Campephilus guatemalensis,Pale-billed Woodpecker,pabwoo1,1,0,1,,good,,
Piciformes,Picidae,Dryocopus pileatus,Pileated Woodpecker,pilwoo,1,0,1,,good,,
Piciformes,Picidae,Sphyrapicus ruber,Red-breasted Sapsucker,rebsap,1,0,1,,good,,
Piciformes,Picidae,Melanerpes carolinus,Red-bellied Woodpecker,rebwoo,1,0,1,,good,,
Piciformes,Picidae,Dryobates borealis,Red-cockaded Woodpecker,recwoo,1,0,1,,good,,
Piciformes,Picidae,Melanerpes erythrocephalus,Red-headed Woodpecker,rehwoo,1,1,1,,good,,
Piciformes,Picidae,Sphyrapicus nuchalis,Red-naped Sapsucker,rensap,1,0,1,,good,,
Piciformes,Picidae,Dryobates fumigatus,Smoky-brown Woodpecker,smbwoo1,1,0,1,,good,,
Piciformes,Picidae,Dryobates stricklandi,Strickland's Woodpecker,strwoo,1,0,1,,good,,
Piciformes,Picidae,Dryobates albolarvatus,White-headed Woodpecker,whhwoo,1,0,1,,good,,
Piciformes,Picidae,Sphyrapicus thyroideus,Williamson's Sapsucker,wilsap,1,0,1,,good,,
Piciformes,Picidae,Sphyrapicus varius,Yellow-bellied Sapsucker,yebsap-example,1,0,1,,good,,
Piciformes,Picidae,Melanerpes pygmaeus,Yucatan Woodpecker,yucwoo,1,0,1,,good,,
Strigiformes,Tytonidae,Tyto furcata,American Barn Owl,brnowl,0,1,1,,good,,
Strigiformes,Strigidae,Megascops seductus,Balsas Screech-Owl,basowl,0,1,1,,good,,
Strigiformes,Strigidae,Megascops barbarus,Bearded Screech-Owl,besowl,0,1,1,,good,,
Strigiformes,Strigidae,Aegolius funereus,Boreal Owl,borowl,0,1,1,,good,,
Strigiformes,Strigidae,Strix varia,Barred Owl,brdowl,0,1,1,,good,,
Strigiformes,Strigidae,Glaucidium griseiceps,Central American Pygmy-Owl,capowl1,0,1,1,,good,,
Strigiformes,Strigidae,Glaucidium palmarum,Colima Pygmy-Owl,copowl1,0,1,1,,good,,
Strigiformes,Strigidae,Lophostrix cristata,Crested Owl,creowl1,0,1,1,,good,,
Strigiformes,Strigidae,Megascops asio,Eastern Screech-Owl,easowl1,0,1,1,,good,,
Strigiformes,Strigidae,Micrathene whitneyi,Elf Owl,elfowl,0,1,1,,good,,
Strigiformes,Strigidae,Glaucidium brasilianum,Ferruginous Pygmy-Owl,fepowl,0,1,1,,good,,
Strigiformes,Strigidae,Psiloscops flammeolus,Flammulated Owl,flaowl,0,1,1,,good,,
Strigiformes,Strigidae,Strix fulvescens,Fulvous Owl,fulowl1,0,1,1,,good,,
Strigiformes,Strigidae,Surnia ulula,Northern Hawk Owl,nohowl,0,1,1,,good,,
Strigiformes,Strigidae,Glaucidium gnoma,Northern Pygmy-Owl,nopowl,0,1,1,,good,,
Strigiformes,Strigidae,Aegolius acadicus,Northern Saw-whet Owl,nswowl,0,1,1,,good,,
Strigiformes,Strigidae,Megascops cooperi,Pacific Screech-Owl,pasowl4,0,1,1,,good,,
Strigiformes,Strigidae,Pulsatrix perspicillata,Spectacled Owl,speowl1,0,1,1,,good,,
Strigiformes,Strigidae,Strix occidentalis,Spotted Owl,spoowl,0,1,1,,good,,
Strigiformes,Strigidae,Asio clamator,Striped Owl,strowl1,0,1,1,,good,,
Strigiformes,Strigidae,Asio stygius,Stygian Owl,styowl1,0,1,1,,good,,
Strigiformes,Strigidae,Aegolius ridgwayi,Unspotted Saw-whet Owl,uswowl1,0,1,1,,good,,
Strigiformes,Strigidae,Megascops guatemalae,Middle American Screech-Owl,vesowl,0,1,1,,good,,
Strigiformes,Strigidae,Megascops kennicottii,Western Screech-Owl,wesowl1,0,1,1,,good,,
Strigiformes,Strigidae,Megascops trichopsis,Whiskered Screech-Owl,whsowl1,0,1,1,,good,,
Trogoniformes,Trogonidae,Trogon collaris,Collared Trogon,coltro1,1,1,1,,good,,
Trogoniformes,Trogonidae,Euptilotis neoxenus,Eared Quetzal,earque,0,1,1,,good,,
Trogoniformes,Trogonidae,Trogon elegans,Elegant Trogon,eletro,0,1,1,,good,,
Trogoniformes,Trogonidae,Trogon mexicanus,Mountain Trogon,moutro1,0,1,1,,good,,
Trogoniformes,Trogonidae,Pharomachrus mocinno,Resplendent Quetzal,resque1,1,1,1,,good,,
Trogoniformes,Trogonidae,Trogon massena,Slaty-tailed Trogon,slttro1,1,0,1,,good,,
Anseriformes,Anatidae,Histrionicus histrionicus,Harlequin Duck,harduc,0,1,1,,idk,omit,
Caprimulgiformes,Nyctibiidae,Nyctibius grandis,Great Potoo,grepot1,0,1,1,,idk,omit,"The nest itself generally consists of ""nothing more than a crevice in a high branch of a large tree"""
Caprimulgiformes,Nyctibiidae,Nyctibius jamaicensis,Northern Potoo,norpot1,0,1,1,,idk,omit,No nest is constructed; the egg is placed in a depression on a branch or stub
Coraciiformes,Alcedinidae,Chloroceryle aenea,American Pygmy Kingfisher,ampkin1,1,0,1,,idk,omit,"Nest in a riverbank, earth heap, gravel pit, cutting, arboreal termitarium or earth pulled up by an uprooted tree"
Falconiformes,Falconidae,Micrastur ruficollis,Barred Forest-Falcon,baffal1,0,1,1,,idk,good,
Falconiformes,Falconidae,Falco rufigularis,Bat Falcon,batfal1,0,1,1,,idk,good,"Nests in natural tree cavities or holes excavated by parrots, in old trogon nests in termite colonies, or on cliffs, usually 10â€“50 m above ground (1); also on pre-Columbian ruins, and modern man-made structures, e.g. on sugar mill crane, in Guyana"
Falconiformes,Falconidae,Micrastur semitorquatus,Collared Forest-Falcon,coffal1,0,1,1,,idk,good,
Falconiformes,Falconidae,Herpetotheres cachinnans,Laughing Falcon,laufal1,0,1,1,,idk,good,"The nest usually is a cavity in a tree, but less frequently, may be a crotch of a tree (Robbins and Wiedenfeld 1982), in epiphytes (Wolfe 1954), or in the stick nest of other raptors (Marchant 1960)"
Passeriformes,Thraupidae,Lanio aurantius,Black-throated Shrike-Tanager,btstan1,NA,NA,NA,,idk,omit,No information.
Passeriformes,Thraupidae,Thraupis episcopus,Blue-gray Tanager,bugtan,0,0,NA,,idk,omit,Not a cavity nester
Passeriformes,Furnariidae,Automolus cervinigularis,Fawn-throated Foliage-gleaner,butfog9,NA,NA,NA,,idk,omit,"No information. Not formally described. Presumably, the nest of Fawn-throated Foliage-gleaner is similar, in being a shallow cup of twig-like materials placed at the end of an earthen tunnel, to closely related members of the genus"
Passeriformes,Vireonidae,Vireo hypochryseus,Golden Vireo,golvir1,NA,NA,NA,,idk,omit,"limited information, but is a cup nester not a cavity nester"
Passeriformes,Tityridae,Pachyramphus major,Gray-collared Becard,grcbec1,NA,NA,NA,,idk,omit,not a cavity nester
Passeriformes,Fringillidae,Coccothraustes abeillei,Hooded Grosbeak,hoogro1,NA,NA,NA,,idk,omit,not a cavity nester
Passeriformes,Troglodytidae,Hylorchilus navai,Nava's Wren,navwre1,NA,NA,NA,,idk,omit,"undescribed; but very similar to Sumichrast's Wren, which nests in ground crevices/caves (not trees)"
Passeriformes,Cardinalidae,Piranga roseogularis,Rose-throated Tanager,rottan1,NA,NA,NA,,idk,omit,no information
Passeriformes,Cardinalidae,Driophlox fuscicauda,Red-throated Ant-Tanager,rtatan1,NA,NA,NA,,idk,omit,not a cavity nester
Passeriformes,Tityridae,Laniocera rufescens,Speckled Mourner,spemou1,NA,NA,NA,,idk,omit,no information; but sister species (cinereous mourner) is listed as having cup nest
Passeriformes,Furnariidae,Lepidocolaptes leucogaster,White-striped Woodcreeper,whswoo1,NA,NA,NA,,idk,good,limited information.  sister species nest in cavities
Passeriformes,Estrildidae,Padda oryzivora,Java Sparrow,javspa,0,1,1,,idk,omit,woven dome/bell-shaped nests
Passeriformes,Formicariidae,Formicarius moniliger,Mayan Antthrush,bkfant2,0,1,1,,idk,good,"no information, but sister species (black-faced antthrush) is described as using cavities (albeit ones that are open to the sky)"
Passeriformes,Furnariidae,Xiphorhynchus flavigaster,Ivory-billed Woodcreeper,ivbwoo1,0,1,1,,idk,good,"limited information, they nest in both tree cavities and holes between roots and trunk, not sure if that counts?"
Passeriformes,Furnariidae,Dendrocolaptes sanctithomae,Northern Barred-Woodcreeper,nobwoo1,0,1,1,,idk,good,
Passeriformes,Furnariidae,Sittasomus griseicapillus,Olivaceous Woodcreeper,oliwoo1,0,1,1,,idk,good,
Passeriformes,Furnariidae,Dendrocincla homochroa,Ruddy Woodcreeper,rudwoo1,0,1,1,,idk,good,
Passeriformes,Furnariidae,Sclerurus guatemalensis,Scaly-throated Leaftosser,sctlea1,1,0,1,,idk,omit,nest in tunnels/burrows
Passeriformes,Furnariidae,Lepidocolaptes affinis,Spot-crowned Woodcreeper,spcwoo1,0,1,1,,idk,good,
Passeriformes,Furnariidae,Xiphorhynchus erythropygius,Spotted Woodcreeper,spowoo1,1,0,1,,idk,good,
Passeriformes,Furnariidae,Xiphocolaptes promeropirhynchus,Strong-billed Woodcreeper,stbwoo1,0,1,1,,idk,good,only three nests have been recorded and they were all in nest boxes
Passeriformes,Furnariidae,Anabacerthia variegaticeps,Scaly-throated Foliage-gleaner,stfgle1,0,1,1,,idk,good,
Passeriformes,Furnariidae,Lepidocolaptes souleyetii,Streak-headed Woodcreeper,sthwoo1,0,1,1,,idk,good,
Passeriformes,Furnariidae,Dendrocincla anabatina,Tawny-winged Woodcreeper,tawwoo1,0,1,1,,idk,good,they also nest in root clusters
Passeriformes,Furnariidae,Glyphorynchus spirurus,Wedge-billed Woodcreeper,webwoo1,0,1,1,,idk,good,nest in cavities but also root clusters and vine tangles
Passeriformes,Hirundinidae,Progne chalybea,Gray-breasted Martin,gybmar,0,1,1,,idk,good,"Gray-breasted Martin are obligate cavity adopters (Winkler and Sheldon 1993), nesting in woodpecker holes, arboreal termite nests, on cliffs, under piers or jetties, corners of beams, under the eaves or in roofs of buildings, and in drainpipes or nest boxes"
Passeriformes,Thraupidae,Thraupis abbas,Yellow-winged Tanager,yewtan1,0,1,1,,idk,omit,they have been observed to take nesting material to tree cavities but it seems like that is rare
Passeriformes,Tityridae,Tityra inquisitor,Black-crowned Tityra,blctit1,0,1,1,,idk,good,
Passeriformes,Tityridae,Tityra semifasciata,Masked Tityra,mastit1,0,1,1,,idk,good,
Passeriformes,Tyrannidae,Attila spadiceus,Bright-rumped Attila,brratt1,0,1,1,,idk,omit,not an obligate cavity nester
Passeriformes,Tyrannidae,Ramphotrigon flammulatum,Flammulated Flycatcher,flafly1,0,1,1,,idk,good,
Passeriformes,Tyrannidae,Pitangus sulphuratus,Great Kiskadee,grekis,0,1,1,,idk,omit,pretty sure this isn't a cavity nester
Passeriformes,Tyrannidae,Legatus leucophaius,Piratic Flycatcher,pirfly1,0,1,1,,idk,omit,
Passeriformes,Tyrannidae,Rhytipterna holerythra,Rufous Mourner,rufmou1,0,1,1,,idk,omit,"The nest and eggs of Rufous Mourner have not been described, but they ""nest apparently in tree cavities such as [an] old woodpecker hole"""
Passeriformes,Tyrannidae,Sayornis saya,Say's Phoebe,saypho,0,1,1,,idk,omit,pretty sure not a cavity nester - it says they rarely nest in cavities
Passeriformes,Tyrannidae,Myiozetetes similis,Social Flycatcher,socfly1,0,1,1,,idk,omit,rarely uses tree cavities
Passeriformes,Tyrannidae,Myiodynastes maculatus,Streaked Flycatcher,strfly1,0,1,1,,idk,omit,"nests in cavities, bases of palm stems, bromeliads, on houses and window sills"
Passeriformes,Tyrannidae,Myiodynastes luteiventris,Sulphur-bellied Flycatcher,subfly,0,1,1,,idk,good,
Piciformes,Bucconidae,Notharchus hyperrhynchus,White-necked Puffbird,whnpuf2,1,0,1,,idk,good,
Piciformes,Galbulidae,Galbula ruficauda,Rufous-tailed Jacamar,rutjac1,1,0,1,,idk,omit,burrows
Piciformes,Ramphastidae,Pteroglossus torquatus,Collared Aracari,colara1,0,1,1,,idk,good,
Piciformes,Ramphastidae,Ramphastos sulfuratus,Keel-billed Toucan,kebtou1,0,1,1,,idk,good,
Piciformes,Ramphastidae,Aulacorhynchus prasinus,Northern Emerald-Toucanet,noremt1,0,1,1,,idk,good,
Psittaciformes,Psittacidae,Psittacara strenuus,Pacific Parakeet,pacpar1,NA,NA,NA,0,idk,good,"not much information, ""possibly"" nests in tree cavities. I looked at photos and saw both tree cavities and cliff nests"
Psittaciformes,Psittacidae,Bolborhynchus lineola,Barred Parakeet,barpar1,0,1,1,0,idk,good,unknown
Psittaciformes,Psittacidae,Aratinga nenday,Nanday Parakeet,bkhpar,0,1,1,1,idk,good,Widespread feral populations in North America. Nest in tree cavities and fence posts
Psittaciformes,Psittacidae,Pyrilia haematotis,Brown-hooded Parrot,brhpar1,0,1,1,0,idk,good,"limited information, but it says they do nest in a tree cavity. Has one feral population in Mexico, but has a greater amount of native populations"
Psittaciformes,Psittacidae,Thectocercus acuticaudatus,Blue-crowned Parakeet,bucpar,0,1,1,1,idk,omit,a few feral populations in North America
Psittaciformes,Psittacidae,Psittacara holochlorus,Green Parakeet,grnpar,0,1,1,0,idk,good,"nests in cavities and cliffs. Native populations in Mexico, feral populations in US (widespread)"
Psittaciformes,Psittacidae,Amazona finschi,Lilac-crowned Amazon,licpar,0,1,1,0,idk,good,"mostly feral populations, but widespread across Mexico"
Psittaciformes,Psittacidae,Amazona farinosa,Mealy Amazon,meapar,0,1,1,0,idk,good,"feral populations in US and Mexico, some native populations in Mexico"
Psittaciformes,Psittacidae,Forpus cyanopygius,Mexican Parrotlet,mexpar1,0,1,1,0,idk,good,"mostly native populations in Mexico, 2 feral. Nest mostly in tree cavities but also cactus cavities"
Psittaciformes,Psittacidae,Ara militaris,Military Macaw,milmac,0,1,1,0,idk,good,"feral populations in US, widespread native in mexico. Nest in trees and cliffs"
Psittaciformes,Psittacidae,Psittacara mitratus,Mitred Parakeet,mitpar,0,1,1,1,idk,good,feral populations in US and Mexico. nest in trees and cliffs
Psittaciformes,Psittacidae,Eupsittula nana,Olive-throated Parakeet,oltpar1,1,1,1,0,idk,good,"mostly native populations in Mexico, a few feral. Seems like they nest mostly in termitariums"
Psittaciformes,Psittacidae,Brotogeris jugularis,Orange-chinned Parakeet,orcpar,0,1,1,0,idk,good,"Nest in cavities, palm stubs, termitariums"
Psittaciformes,Psittacidae,Eupsittula canicularis,Orange-fronted Parakeet,orfpar,1,1,1,0,idk,good,"nest mostly in termitariums, a lot of feral populations in North America"
Psittaciformes,Psittacidae,Amazona amazonica,Orange-winged Amazon,orwpar,0,1,1,1,idk,good,small feral populations in North America
Psittaciformes,Psittacidae,Amazona viridigenalis,Red-crowned Amazon,recpar,0,1,1,0,idk,good,"mostly feral, widespread in North America"
Psittaciformes,Psittacidae,Amazona autumnalis,Red-lored Amazon,relpar,0,1,1,0,idk,good,"many feral populations in North America, some native in mexico. But they mostly nest in palm stubs"
Psittaciformes,Psittacidae,Psittacara erythrogenys,Red-masked Parakeet,rempar,0,1,1,1,idk,good,"feral in North America, nest also in cliffs"
Psittaciformes,Psittacidae,Psittacula krameri,Rose-ringed Parakeet,rorpar,0,1,1,1,idk,good,"widespread feral in North America. nest in cavities, but also rock faces and ruined walls"
Psittaciformes,Psittacidae,Ara macao,Scarlet Macaw,scamac1,0,1,1,0,idk,good,"mostly feral in North America, small native population in Mexico"
Psittaciformes,Psittacidae,Pionus senilis,White-crowned Parrot,whcpar,0,1,1,1,idk,good,"mostly native in Mexico, a few feral populations. But, it says they prefer to nest in palm stubs over tree cavities"
Psittaciformes,Psittacidae,Psittacara leucophthalmus,White-eyed Parakeet,whepar2,0,1,1,1,idk,good,small feral populations in North America
Psittaciformes,Psittacidae,Amazona albifrons,White-fronted Amazon,whfpar1,0,1,1,0,idk,good,"a good amount of feral populations, mostly native in Mexico"
Psittaciformes,Psittacidae,Brotogeris versicolurus,White-winged Parakeet,whwpar,0,1,1,1,idk,good,"feral in North America, also nest in things other than tree cavities"
Psittaciformes,Psittacidae,Amazona oratrix,Yellow-headed Amazon,yehpar,0,1,1,1,idk,good,"a good amount of feral populations, some native in Mexico"
Psittaciformes,Psittacidae,Amazona xantholora,Yellow-lored Amazon,yelpar1,0,1,1,1,idk,good,"little information, theres a couple feral populations and some native in southern mexico."
Psittaciformes,Psittacidae,Amazona auropalliata,Yellow-naped Amazon,yenpar1,0,1,1,0,idk,good,mostly feral in North America
Strigiformes,Strigidae,Asio otus,Long-eared Owl,loeowl,0,1,1,,idk,omit,don't think they usually nest in cavities?? borderline
Strigiformes,Strigidae,Strix virgata,Mottled Owl,motowl,0,1,1,,idk,good,"usually nests in tree cavities, but when tree cavities are scarce they can nest in other birds nests or on ground"
Trogoniformes,Trogonidae,Trogon caligatus,Gartered Trogon,gartro1,0,1,1,,idk,good,
Anseriformes,Anatidae,Anas rubripes,American Black Duck,ambduc,0,1,1,,omit,,
Anseriformes,Anatidae,Alopochen aegyptiaca,Egyptian Goose,egygoo,0,1,1,,omit,,
Anseriformes,Anatidae,Anas platyrhynchos,Mallard,mallar3,0,1,1,,omit,,
Anseriformes,Anatidae,Anas fulvigula,Mottled Duck,motduc,0,1,1,,omit,,
Caprimulgiformes,Apodidae,Chaetura pelagica,Chimney Swift,chiswi,0,1,1,,omit,,
Charadriiformes,Scolopacidae,Tringa solitaria,Solitary Sandpiper,solsan,0,1,1,,omit,,
Columbiformes,Columbidae,Zenaida aurita,Zenaida Dove,zendov,0,1,1,,omit,,
Falconiformes,Falconidae,Falco columbarius,Merlin,merlin,0,1,1,,omit,,
Falconiformes,Falconidae,Falco peregrinus,Peregrine Falcon,perfal,0,1,1,,omit,,
Galliformes,Cracidae,Ortalis vetula,Plain Chachalaca,placha,0,1,1,,omit,,
Galliformes,Odontophoridae,Philortyx fasciatus,Banded Quail,banqua1,NA,NA,NA,,omit,,
NA,NA,Icterus maculialatus,Bar-winged Oriole,bawori1,NA,NA,NA,,omit,,
NA,NA,Himantopus mexicanus,Black-necked Stilt,bknsti,NA,NA,NA,,omit,,
NA,NA,Peucaea humeralis,Black-chested Sparrow,blcspa1,NA,NA,NA,,omit,,
NA,NA,Haematopus bachmani,Black Oystercatcher,blkoys,NA,NA,NA,,omit,,
NA,NA,Cyanolyca pumilo,Black-throated Jay,bltjay1,NA,NA,NA,,omit,,
NA,NA,Amaurospiza concolor,Blue Seedeater,blusee1,NA,NA,NA,,omit,,
NA,NA,Cyanocorax colliei,Black-throated Magpie-Jay,btmjay,NA,NA,NA,,omit,,
NA,NA,Ardea ibis,Western Cattle-Egret,categr1,NA,NA,NA,,omit,,
NA,NA,Peucaea sumichrasti,Cinnamon-tailed Sparrow,citspa1,NA,NA,NA,,omit,,
NA,NA,Calonectris borealis/diomedea,Cory's/Scopoli's Shearwater,corshe,NA,NA,NA,,omit,,
NA,NA,Cynanthus forficatus,Cozumel Emerald,cozeme1,NA,NA,NA,,omit,,
NA,NA,Butorides virescens,Green Heron,grnher,NA,NA,NA,,omit,,
NA,NA,Aphelocoma insularis,Island Scrub-Jay,issjay,NA,NA,NA,,omit,,
NA,NA,Sturnella lilianae,Chihuahuan Meadowlark,lilmea2,NA,NA,NA,,omit,,
NA,NA,Larus brachyrhynchus,Short-billed Gull,mewgul2,NA,NA,NA,,omit,,
NA,NA,Anas diazi,Mexican Duck,mexduc,NA,NA,NA,,omit,,
NA,NA,Phaethornis mexicanus,Mexican Hermit,mexher1,NA,NA,NA,,omit,,
NA,NA,Nannopterum brasilianum,Neotropic Cormorant,neocor,NA,NA,NA,,omit,,
NA,NA,Astur atricapillus,American Goshawk,norgos,NA,NA,NA,,omit,,
NA,NA,Aimophila notosticta,Oaxaca Sparrow,oaxspa1,NA,NA,NA,,omit,,
NA,NA,Cyrtonyx ocellatus,Ocellated Quail,ocequa1,NA,NA,NA,,omit,,
NA,NA,Porphyrio poliocephalus,Gray-headed Swamphen,purswa3,NA,NA,NA,,omit,,
NA,NA,Loxia sinesciuris,Cassia Crossbill,redcro9,NA,NA,NA,,omit,,
NA,NA,Ortalis wagleri,Rufous-bellied Chachalaca,rubcha1,NA,NA,NA,,omit,,
NA,NA,Basileuterus delattrii,Chestnut-capped Warbler,rucwar4,NA,NA,NA,,omit,,
NA,NA,Phaeochroa cuvierii,Scaly-breasted Hummingbird,scbhum1,NA,NA,NA,,omit,,
NA,NA,Euphonia godmani,West Mexican Euphonia,screup3,NA,NA,NA,,omit,,
NA,NA,Dactylortyx thoracicus,Singing Quail,sinqua1,NA,NA,NA,,omit,,
NA,NA,Doricha enicura,Slender Sheartail,sleshe1,NA,NA,NA,,omit,,
NA,NA,Polioptila bilineata,White-browed Gnatcatcher,trogna2,NA,NA,NA,,omit,,
NA,NA,Polioptila albiventris,Yucatan Gnatcatcher,whlgna3,NA,NA,NA,,omit,,
NA,NA,Selasphorus ellioti,Wine-throated Hummingbird,withum1,NA,NA,NA,,omit,,
NA,NA,Aphelocoma woodhouseii,Woodhouse's Scrub-Jay,wooscj2,NA,NA,NA,,omit,,
NA,NA,Cyanocorax formosus,White-throated Magpie-Jay,wtmjay1,NA,NA,NA,,omit,,
NA,NA,Carduelis carduelis/caniceps,European/Gray-crowned Goldfinch,y01288,NA,NA,NA,,omit,,
NA,NA,Sula leucogaster/brewsteri,Brown/Cocos Booby,y01312,NA,NA,NA,,omit,,
Passeriformes,Parulidae,Geothlypis flavovelata,Altamira Yellowthroat,altyel1,NA,NA,NA,,omit,,
Passeriformes,Certhiidae,Certhia americana,Brown Creeper,brncre,0,1,1,,omit,,"nests behind bark, not really in cavities"
Passeriformes,Fringillidae,Haemorhous mexicanus,House Finch,houfin,0,1,1,,omit,,
Passeriformes,Hirundinidae,Stelgidopteryx serripennis,Northern Rough-winged Swallow,nrwswa,1,1,1,,omit,,"believe these mostly nest in burrows in banks, not in tree cavities"
Passeriformes,Icteridae,Euphagus cyanocephalus,Brewer's Blackbird,brebla,0,1,1,,omit,,wild error?
Passeriformes,Icteridae,Quiscalus quiscula,Common Grackle,comgra,0,1,1,,omit,,
Passeriformes,Mimidae,Mimus polyglottos,Northern Mockingbird,normoc,0,1,1,,omit,,
Passeriformes,Paridae,Parus major,Great Tit,gretit1,0,1,1,1,omit,,"is a cavity nester, but omit bc this is based off a tiny feral population in Wi"
Passeriformes,Parulidae,Setophaga virens,Black-throated Green Warbler,btnwar,0,1,1,,omit,,weird???
Passeriformes,Parulidae,Parkesia motacilla,Louisiana Waterthrush,louwat,0,1,1,,omit,,
Passeriformes,Parulidae,Parkesia noveboracensis,Northern Waterthrush,norwat,0,1,1,,omit,,
Passeriformes,Passerellidae,Junco hyemalis,Dark-eyed Junco,daejun,0,1,1,,omit,,
Passeriformes,Phylloscopidae,Phylloscopus borealis,Arctic Warbler,arcwar1,0,1,1,,omit,,
Passeriformes,Sturnidae,Acridotheres tristis,Common Myna,commyn,0,1,1,1,omit,,invasive with very limited range
Passeriformes,Turdidae,Turdus grayi,Clay-colored Thrush,clcrob,0,1,1,,omit,,no way this is a cavity nester??
Passeriformes,Turdidae,Catharus guttatus,Hermit Thrush,herthr,0,1,1,,omit,,
Passeriformes,Turdidae,Myadestes townsendi,Townsend's Solitaire,towsol,0,1,1,,omit,,
Passeriformes,Turdidae,Catharus fuscescens,Veery,veery,0,1,1,,omit,,
Passeriformes,Tyrannidae,Empidonax difficilis,Western Flycatcher,wesfly,0,1,1,,omit,,
